{
  "hash": "37bdf5da",
  "configHash": "aa25db86",
  "lockfileHash": "8bedd6c8",
  "browserHash": "1fa79dcd",
  "optimized": {
    "@angular/common": {
      "src": "../../../../../../node_modules/@angular/common/fesm2022/common.mjs",
      "file": "@angular_common.js",
      "fileHash": "cf971d65",
      "needsInterop": false
    },
    "@angular/common/http": {
      "src": "../../../../../../node_modules/@angular/common/fesm2022/http.mjs",
      "file": "@angular_common_http.js",
      "fileHash": "953b6cf8",
      "needsInterop": false
    },
    "@angular/core": {
      "src": "../../../../../../node_modules/@angular/core/fesm2022/core.mjs",
      "file": "@angular_core.js",
      "fileHash": "678d85d3",
      "needsInterop": false
    },
    "@angular/forms": {
      "src": "../../../../../../node_modules/@angular/forms/fesm2022/forms.mjs",
      "file": "@angular_forms.js",
      "fileHash": "31847fc1",
      "needsInterop": false
    },
    "@angular/platform-browser": {
      "src": "../../../../../../node_modules/@angular/platform-browser/fesm2022/platform-browser.mjs",
      "file": "@angular_platform-browser.js",
      "fileHash": "9087a664",
      "needsInterop": false
    },
    "@angular/router": {
      "src": "../../../../../../node_modules/@angular/router/fesm2022/router.mjs",
      "file": "@angular_router.js",
      "fileHash": "66c4fa77",
      "needsInterop": false
    }
  },
  "chunks": {
    "chunk-6URZCXW2": {
      "file": "chunk-6URZCXW2.js"
    },
    "chunk-2JCG5CP6": {
      "file": "chunk-2JCG5CP6.js"
    },
    "chunk-KC4B46OR": {
      "file": "chunk-KC4B46OR.js"
    },
    "chunk-6S7W7H5G": {
      "file": "chunk-6S7W7H5G.js"
    },
    "chunk-QU6MX3AP": {
      "file": "chunk-QU6MX3AP.js"
    }
  }
}